commodity,market_name,market_pincode,latitude,longitude,t0_modal_price_modal_price,t0_quantity_supply_quintal,t0_quantity_demand_quintal,t0_price_range,t0_supply_demand_ratio,t0_min_price_modal_price,t0_max_price_modal_price,t1_modal_price_modal_price,t1_quantity_supply_quintal,t1_quantity_demand_quintal,t1_price_range,t1_supply_demand_ratio,t1_min_price_modal_price,t1_max_price_modal_price,t2_modal_price_modal_price,t2_quantity_supply_quintal,t2_quantity_demand_quintal,t2_price_range,t2_supply_demand_ratio,t2_min_price_modal_price,t2_max_price_modal_price,t3_modal_price_modal_price,t3_quantity_supply_quintal,t3_quantity_demand_quintal,t3_price_range,t3_supply_demand_ratio,t3_min_price_modal_price,t3_max_price_modal_price,t4_modal_price_modal_price,t4_quantity_supply_quintal,t4_quantity_demand_quintal,t4_price_range,t4_supply_demand_ratio,t4_min_price_modal_price,t4_max_price_modal_price,t5_modal_price_modal_price,t5_quantity_supply_quintal,t5_quantity_demand_quintal,t5_price_range,t5_supply_demand_ratio,t5_min_price_modal_price,t5_max_price_modal_price,t6_modal_price_modal_price,t6_quantity_supply_quintal,t6_quantity_demand_quintal,t6_price_range,t6_supply_demand_ratio,t6_min_price_modal_price,t6_max_price_modal_price,t7_modal_price_modal_price,t7_quantity_supply_quintal,t7_quantity_demand_quintal,t7_price_range,t7_supply_demand_ratio,t7_min_price_modal_price,t7_max_price_modal_price,t8_modal_price_modal_price,t8_quantity_supply_quintal,t8_quantity_demand_quintal,t8_price_range,t8_supply_demand_ratio,t8_min_price_modal_price,t8_max_price_modal_price,t9_modal_price_modal_price,t9_quantity_supply_quintal,t9_quantity_demand_quintal,t9_price_range,t9_supply_demand_ratio,t9_min_price_modal_price,t9_max_price_modal_price,t10_modal_price_modal_price,t10_quantity_supply_quintal,t10_quantity_demand_quintal,t10_price_range,t10_supply_demand_ratio,t10_min_price_modal_price,t10_max_price_modal_price,t11_modal_price_modal_price,t11_quantity_supply_quintal,t11_quantity_demand_quintal,t11_price_range,t11_supply_demand_ratio,t11_min_price_modal_price,t11_max_price_modal_price,t12_modal_price_modal_price,t12_quantity_supply_quintal,t12_quantity_demand_quintal,t12_price_range,t12_supply_demand_ratio,t12_min_price_modal_price,t12_max_price_modal_price,t13_modal_price_modal_price,t13_quantity_supply_quintal,t13_quantity_demand_quintal,t13_price_range,t13_supply_demand_ratio,t13_min_price_modal_price,t13_max_price_modal_price,t14_modal_price_modal_price,t14_quantity_supply_quintal,t14_quantity_demand_quintal,t14_price_range,t14_supply_demand_ratio,t14_min_price_modal_price,t14_max_price_modal_price
Bajra,Mumbai,400001,18.9398,72.8355,3900.0,113.0,131.0,1700.0,0.8625888351997313,2800.0,4500.0,3900.0,109.0,120.0,1700.0,0.9083257639519671,2800.0,4500.0,3900.0,107.0,142.0,1700.0,0.7535158203111245,2800.0,4500.0,3900.0,112.0,131.0,1700.0,0.8549553056846894,2800.0,4500.0,3900.0,109.0,155.0,1700.0,0.7032212695401965,2800.0,4500.0,3600.0,112.0,139.0,1200.0,0.8057495989237488,2700.0,3900.0,3600.0,118.0,146.0,1200.0,0.8082136423723125,2700.0,3900.0,3600.0,105.0,128.0,1200.0,0.8203060913586613,2700.0,3900.0,3100.0,127.0,143.0,400.0,0.8881056775826742,2800.0,3200.0,3100.0,106.0,134.0,400.0,0.7910388728442325,2800.0,3200.0,3100.0,118.0,128.0,400.0,0.9218677979078288,2800.0,3200.0,3100.0,129.0,144.0,400.0,0.8958271123117201,2800.0,3200.0,3100.0,116.0,139.0,400.0,0.8345263703138827,2800.0,3200.0,3100.0,109.0,125.0,400.0,0.8719930240558075,2800.0,3200.0,3100.0,101.0,124.0,400.0,0.8145095604067709,2800.0,3200.0
Bajra,Nashik,422001,20.0059,73.7769,2625.0,112.0,135.0,0.0,0.8296234842704868,2625.0,2625.0,2650.0,119.0,151.0,277.0,0.7880742511638995,2625.0,2902.0,2550.0,117.0,139.0,824.0,0.8417205631614161,1800.0,2624.0,2250.0,116.0,131.0,783.0,0.8854894237448568,1786.0,2569.0,2050.0,112.0,134.0,924.0,0.8358146580995663,1700.0,2624.0,2050.0,118.0,125.0,674.0,0.9439924480604155,1950.0,2624.0,2050.0,116.0,132.0,639.0,0.8787812213543836,1911.0,2550.0,2050.0,130.0,136.0,649.0,0.9558753244461438,1975.0,2624.0,2050.0,118.0,136.0,650.0,0.8676406791126535,1900.0,2550.0,2050.0,116.0,151.0,590.0,0.7682068330673306,1900.0,2490.0,2350.0,124.0,125.0,660.0,0.9919920640634875,2000.0,2660.0,2550.0,120.0,137.0,551.0,0.8759060152845599,2020.0,2571.0,2050.0,115.0,140.0,506.0,0.8214227041235419,2000.0,2506.0,2050.0,98.0,130.0,545.0,0.7538403550741917,2005.0,2550.0,2050.0,117.0,139.0,625.0,0.8417205631614161,2025.0,2650.0
Bajra,Pune,411001,18.5204,73.8567,3150.0,114.0,150.0,300.0,0.7599949333671109,3000.0,3300.0,3250.0,139.0,141.0,300.0,0.9858086112864447,3100.0,3400.0,3300.0,105.0,122.0,400.0,0.8606486832075146,3100.0,3500.0,3400.0,103.0,126.0,200.0,0.81745382973151,3300.0,3500.0,3250.0,114.0,126.0,200.0,0.9047547241688557,3150.0,3350.0,3350.0,127.0,115.0,300.0,1.104338223145886,3200.0,3500.0,3300.0,127.0,119.0,200.0,1.067217922538466,3200.0,3400.0,3250.0,135.0,132.0,300.0,1.022719524852084,3100.0,3400.0,3300.0,94.0,145.0,300.0,0.6482713912317846,3150.0,3450.0,3400.0,98.0,121.0,200.0,0.8099106618953562,3300.0,3500.0,3400.0,125.0,113.0,200.0,1.106184901018575,3300.0,3500.0,3300.0,118.0,159.0,300.0,0.7421336972723441,3150.0,3450.0,3350.0,122.0,151.0,100.0,0.8079416692604684,3300.0,3400.0,3400.0,109.0,130.0,200.0,0.8384550888070091,3300.0,3500.0,3300.0,93.0,146.0,200.0,0.6369819384798734,3200.0,3400.0
Bajra,Solapur,413001,17.6599,75.9064,2500.0,120.0,128.0,0.0,0.93749267583847,2500.0,2500.0,2555.0,115.0,121.0,390.0,0.9504053685506731,2410.0,2800.0,2650.0,106.0,120.0,0.0,0.8833259722835642,2650.0,2650.0,2350.0,119.0,163.0,0.0,0.7300568708167434,2350.0,2350.0,2600.0,120.0,137.0,0.0,0.8759060152845599,2600.0,2600.0,2500.0,111.0,167.0,100.0,0.6646666786426428,2500.0,2600.0,1768.0,135.0,128.0,0.0,1.054679260318279,1768.0,1768.0,2430.0,121.0,119.0,285.0,1.01679817816657,2165.0,2450.0,2310.0,101.0,142.0,0.0,0.7112625967422764,2310.0,2310.0,2400.0,116.0,128.0,0.0,0.9062429199771876,2400.0,2400.0,2300.0,116.0,139.0,0.0,0.8345263703138827,2300.0,2300.0,2405.0,105.0,143.0,295.0,0.7342605995762267,2120.0,2415.0,2400.0,110.0,140.0,0.0,0.7857086735094749,2400.0,2400.0,2185.0,127.0,147.0,0.0,0.8639397010904687,2185.0,2185.0,2000.0,109.0,128.0,0.0,0.8515558472199436,2000.0,2000.0
Jowar,Mumbai,400001,18.9398,72.8355,4700.0,122.0,152.0,3100.0,0.8026262985111939,2600.0,5700.0,4700.0,123.0,162.0,3100.0,0.7592545725026388,2600.0,5700.0,4700.0,97.0,146.0,3100.0,0.6643790111026636,2600.0,5700.0,4700.0,107.0,157.0,3100.0,0.681524321501137,2600.0,5700.0,4700.0,115.0,133.0,3100.0,0.8646551529687746,2600.0,5700.0,4700.0,114.0,139.0,3100.0,0.8201379846188157,2600.0,5700.0,4700.0,121.0,158.0,3100.0,0.7658179378611527,2600.0,5700.0,4700.0,125.0,134.0,3100.0,0.9328288594861232,2600.0,5700.0,4700.0,116.0,153.0,3100.0,0.7581649793138606,2600.0,5700.0,4700.0,130.0,134.0,3100.0,0.9701420138655681,2600.0,5700.0,4700.0,95.0,127.0,3100.0,0.7480256060975897,2600.0,5700.0,4700.0,101.0,129.0,3100.0,0.7829396671343632,2600.0,5700.0,4700.0,102.0,140.0,3100.0,0.7285662245269676,2600.0,5700.0,4700.0,131.0,121.0,3100.0,1.082635680696854,2600.0,5700.0,4700.0,100.0,130.0,3100.0,0.7692248521165221,2600.0,5700.0
Jowar,Nashik,422001,20.0059,73.7769,2100.0,116.0,153.0,206.0,0.7581649793138606,1941.0,2147.0,2051.0,123.0,153.0,49.0,0.8039163142724557,2051.0,2100.0,2150.0,120.0,138.0,250.0,0.8695589162397374,1950.0,2200.0,2050.0,118.0,130.0,69.0,0.9076853254974961,2006.0,2075.0,2150.0,99.0,134.0,1090.0,0.7388004567130095,1410.0,2500.0,1950.0,121.0,119.0,149.0,1.01679817816657,1850.0,1999.0,1950.0,117.0,144.0,270.0,0.8124943576780717,1800.0,2070.0,1950.0,110.0,144.0,131.0,0.7638835841417768,1899.0,2030.0,1950.0,114.0,136.0,376.0,0.8382291306681569,1800.0,2176.0,1791.0,116.0,139.0,0.0,0.8345263703138827,1791.0,1791.0,1950.0,115.0,150.0,499.0,0.7666615555896293,1500.0,1999.0,1777.0,121.0,159.0,0.0,0.7610015031352004,1777.0,1777.0,2350.0,116.0,137.0,376.0,0.8467091481084079,2000.0,2376.0,1850.0,122.0,139.0,60.0,0.8776915273990834,1800.0,1860.0,1950.0,129.0,165.0,325.0,0.7818134435548876,1675.0,2000.0
Jowar,Pune,411001,18.5204,73.8567,5500.0,116.0,136.0,600.0,0.8529349048904051,5200.0,5800.0,5300.0,115.0,121.0,600.0,0.9504053685506731,5000.0,5600.0,5400.0,121.0,132.0,600.0,0.9166597222748312,5100.0,5700.0,5500.0,107.0,151.0,600.0,0.708604578777624,5200.0,5800.0,5450.0,107.0,133.0,500.0,0.8045052292839903,5200.0,5700.0,5600.0,107.0,127.0,400.0,0.842513051078338,5400.0,5800.0,5400.0,103.0,113.0,600.0,0.9114963584393058,5100.0,5700.0,5600.0,100.0,144.0,600.0,0.6944396219470698,5300.0,5900.0,5500.0,119.0,133.0,600.0,0.8947301148111668,5200.0,5800.0,5600.0,110.0,121.0,600.0,0.9090833960049917,5300.0,5900.0,5600.0,133.0,112.0,800.0,1.187489397416094,5200.0,6000.0,5700.0,129.0,128.0,600.0,1.007804626526355,5400.0,6000.0,5600.0,111.0,110.0,600.0,1.009081735620585,5300.0,5900.0,5500.0,116.0,133.0,600.0,0.8721738934293727,5200.0,5800.0,5400.0,122.0,149.0,400.0,0.8187864510976436,5200.0,5600.0
Jowar,Solapur,413001,17.6599,75.9064,2611.0,123.0,139.0,590.0,0.8848857202466169,2350.0,2940.0,2455.0,119.0,137.0,750.0,0.8686067984905219,2160.0,2910.0,2755.0,119.0,118.0,1195.0,1.008466029948899,2205.0,3400.0,2785.0,112.0,148.0,1005.0,0.7567516435699758,2100.0,3105.0,2550.0,117.0,145.0,400.0,0.8068909869587106,2300.0,2700.0,2650.0,115.0,154.0,760.0,0.746748397737677,2200.0,2960.0,2700.0,115.0,139.0,755.0,0.8273321774663491,2250.0,3005.0,2660.0,113.0,143.0,905.0,0.790204264305844,2100.0,3005.0,2715.0,114.0,143.0,1020.0,0.7971972223970462,2100.0,3120.0,2675.0,111.0,159.0,730.0,0.6981088169256797,2250.0,2980.0,2650.0,110.0,125.0,670.0,0.8799929600563196,2350.0,3020.0,2775.0,114.0,133.0,980.0,0.8571364125081766,2150.0,3130.0,2505.0,107.0,148.0,500.0,0.722968088053459,2300.0,2800.0,2805.0,107.0,139.0,825.0,0.7697786346860813,2375.0,3200.0,2725.0,105.0,160.0,650.0,0.6562458984631346,2310.0,2960.0
Onion,Mumbai,400001,18.9398,72.8355,1250.0,125.0,150.0,950.0,0.8333277778148146,800.0,1750.0,1250.0,111.0,116.0,900.0,0.9568883026870457,800.0,1700.0,1250.0,99.0,132.0,900.0,0.749994318224862,800.0,1700.0,1150.0,117.0,111.0,900.0,1.054044558157134,700.0,1600.0,1150.0,115.0,143.0,900.0,0.8041901804882483,700.0,1600.0,1250.0,105.0,146.0,900.0,0.7191731563482442,800.0,1700.0,1350.0,107.0,144.0,900.0,0.7430503954833647,900.0,1800.0,1350.0,113.0,122.0,900.0,0.9262219162138015,900.0,1800.0,1500.0,116.0,133.0,1000.0,0.8721738934293727,1000.0,2000.0,1650.0,105.0,120.0,900.0,0.8749927083940967,1200.0,2100.0,1500.0,116.0,116.0,1000.0,0.9999913793846604,1000.0,2000.0,1500.0,114.0,133.0,1000.0,0.8571364125081766,1000.0,2000.0,1500.0,120.0,162.0,1000.0,0.7407361682952575,1000.0,2000.0,1550.0,108.0,128.0,1100.0,0.843743408254623,1000.0,2100.0,1450.0,112.0,121.0,900.0,0.9256121850232643,1000.0,1900.0
Onion,Nashik,422001,20.0059,73.7769,950.0,104.0,114.0,1050.0,0.9122726993622863,100.0,1150.0,950.0,111.0,147.0,1100.0,0.7550969041026931,100.0,1200.0,850.0,105.0,115.0,1200.0,0.9130355388214015,100.0,1300.0,850.0,123.0,150.0,1351.0,0.8199945333697775,100.0,1451.0,1050.0,96.0,129.0,1451.0,0.7441802776722661,100.0,1551.0,1250.0,122.0,131.0,1516.0,0.9312906008351081,100.0,1616.0,1150.0,117.0,142.0,1521.0,0.8239378595925381,100.0,1621.0,1250.0,105.0,144.0,1399.0,0.7291616030444232,100.0,1499.0,1150.0,102.0,139.0,1411.0,0.733807670448414,100.0,1511.0,1150.0,114.0,139.0,1400.0,0.8201379846188157,100.0,1500.0,1250.0,111.0,121.0,1781.0,0.917347790514128,100.0,1881.0,1350.0,126.0,145.0,1650.0,0.8689595244170729,150.0,1800.0,1450.0,120.0,127.0,1711.0,0.9448744498074818,100.0,1811.0,1350.0,128.0,135.0,1601.0,0.9481411248805564,100.0,1701.0,1350.0,107.0,141.0,1451.0,0.7588598662420833,100.0,1551.0
Onion,Pune,411001,18.5204,73.8567,1000.0,123.0,123.0,1200.0,0.9999918699847968,400.0,1600.0,950.0,113.0,130.0,1100.0,0.8692240828916701,400.0,1500.0,1000.0,126.0,136.0,1200.0,0.926463776001647,400.0,1600.0,1050.0,96.0,137.0,1300.0,0.7007248122276479,400.0,1700.0,1100.0,99.0,125.0,1400.0,0.7919936640506876,400.0,1800.0,1050.0,120.0,129.0,1300.0,0.9302253470903326,500.0,1800.0,1300.0,106.0,125.0,1400.0,0.8479932160542716,600.0,2000.0,1250.0,118.0,142.0,1500.0,0.8309800635206794,500.0,2000.0,1250.0,132.0,137.0,1500.0,0.9634966168130159,500.0,2000.0,1200.0,98.0,134.0,1400.0,0.7313378258371206,500.0,1900.0,1300.0,111.0,122.0,1400.0,0.9098286079622298,600.0,2000.0,1250.0,115.0,148.0,1500.0,0.7770217768798859,500.0,2000.0,1250.0,112.0,138.0,1500.0,0.8115883218237548,500.0,2000.0,1250.0,103.0,146.0,1500.0,0.705474620036849,500.0,2000.0,1150.0,102.0,148.0,1500.0,0.6891845325369423,400.0,1900.0
Onion,Solapur,413001,17.6599,75.9064,1100.0,116.0,124.0,1900.0,0.9354763268038161,100.0,2000.0,1100.0,109.0,117.0,1800.0,0.9316159690942812,100.0,1900.0,950.0,111.0,152.0,1800.0,0.7302583535634634,100.0,1900.0,1000.0,117.0,145.0,2000.0,0.8068909869587106,100.0,2100.0,1000.0,113.0,112.0,2050.0,1.008919563218186,100.0,2150.0,1000.0,118.0,111.0,2100.0,1.063053486004631,100.0,2200.0,1000.0,127.0,125.0,2200.0,1.015991872065023,100.0,2300.0,1100.0,104.0,135.0,2500.0,0.7703646639654521,100.0,2600.0,1100.0,113.0,125.0,2400.0,0.9039927680578556,100.0,2500.0,1150.0,103.0,137.0,2500.0,0.7518193297859139,100.0,2600.0,1100.0,100.0,152.0,2300.0,0.6578904086157328,100.0,2400.0,1100.0,120.0,151.0,2400.0,0.7946967238627558,100.0,2500.0,1100.0,95.0,134.0,2400.0,0.7089499332094537,100.0,2500.0,900.0,105.0,151.0,2100.0,0.6953596333799114,100.0,2200.0,950.0,126.0,126.0,2300.0,0.9999920635550511,100.0,2400.0
Potato,Mumbai,400001,18.9398,72.8355,1500.0,115.0,146.0,600.0,0.7876658379052198,1200.0,1800.0,1400.0,124.0,127.0,600.0,0.9763702648010645,1100.0,1700.0,1500.0,115.0,147.0,600.0,0.782307603349637,1200.0,1800.0,1400.0,98.0,132.0,600.0,0.7424186180407724,1100.0,1700.0,1500.0,131.0,120.0,600.0,1.091657569520254,1200.0,1800.0,1600.0,114.0,123.0,600.0,0.926821733156641,1300.0,1900.0,1500.0,113.0,135.0,600.0,0.8370308368086162,1200.0,1800.0,1500.0,106.0,140.0,600.0,0.7571374490182212,1200.0,1800.0,1400.0,110.0,123.0,600.0,0.8943016723441273,1100.0,1700.0,1500.0,132.0,140.0,600.0,0.9428504082113699,1200.0,1800.0,1400.0,126.0,140.0,600.0,0.8999935714744894,1100.0,1700.0,1400.0,103.0,140.0,600.0,0.735709030649781,1100.0,1700.0,1400.0,124.0,139.0,600.0,0.8920799130941504,1100.0,1700.0,1400.0,111.0,147.0,600.0,0.7550969041026931,1100.0,1700.0,1400.0,123.0,159.0,600.0,0.7735800403771045,1100.0,1700.0
Potato,Pune,411001,18.5204,73.8567,1800.0,112.0,143.0,800.0,0.7832113062146419,1400.0,2200.0,1800.0,130.0,118.0,800.0,1.101685578935772,1400.0,2200.0,1800.0,119.0,135.0,800.0,0.8814749520373922,1400.0,2200.0,1800.0,108.0,131.0,800.0,0.8244211876245219,1400.0,2200.0,1850.0,104.0,143.0,700.0,0.7272676414850245,1500.0,2200.0,1800.0,98.0,152.0,800.0,0.6447326004434181,1400.0,2200.0,1800.0,108.0,133.0,800.0,0.8120239697445883,1400.0,2200.0,1800.0,127.0,154.0,800.0,0.8246699696755215,1400.0,2200.0,1700.0,103.0,135.0,1000.0,0.7629573114273227,1200.0,2200.0,1750.0,100.0,129.0,900.0,0.7751877892419439,1300.0,2200.0,1700.0,109.0,147.0,1000.0,0.7414915544792212,1200.0,2200.0,1800.0,105.0,144.0,800.0,0.7291616030444232,1400.0,2200.0,1700.0,112.0,142.0,1000.0,0.7887268399518313,1200.0,2200.0,1800.0,114.0,135.0,800.0,0.8444381893467455,1400.0,2200.0,1750.0,116.0,135.0,700.0,0.8592528944230042,1400.0,2100.0
Potato,Solapur,413001,17.6599,75.9064,1400.0,106.0,140.0,300.0,0.7571374490182212,1300.0,1600.0,1500.0,128.0,128.0,900.0,0.9999921875610347,1100.0,2000.0,1500.0,117.0,127.0,800.0,0.9212525885622947,1100.0,1900.0,1450.0,111.0,131.0,400.0,0.8473217761696475,1300.0,1700.0,1400.0,109.0,160.0,600.0,0.6812457422141112,1200.0,1800.0,1600.0,113.0,127.0,550.0,0.8897567735687121,1300.0,1850.0,1700.0,118.0,129.0,650.0,0.9147215913054937,1300.0,1950.0,1460.0,118.0,140.0,360.0,0.8428511224919821,1200.0,1560.0,1400.0,113.0,115.0,700.0,0.9826001513030321,1150.0,1850.0,1400.0,111.0,147.0,600.0,0.7550969041026931,1200.0,1800.0,1400.0,124.0,117.0,650.0,1.059820001538448,1150.0,1800.0,1450.0,114.0,142.0,700.0,0.802811247808114,1150.0,1850.0,1400.0,102.0,148.0,650.0,0.6891845325369423,1150.0,1800.0,1400.0,114.0,108.0,650.0,1.0555457819835,1200.0,1850.0,1500.0,104.0,146.0,650.0,0.7123238881925466,1200.0,1850.0
Soyabean,Nashik,422001,20.0059,73.7769,4211.0,100.0,132.0,664.0,0.7575700184089514,3611.0,4275.0,4251.0,109.0,140.0,851.0,0.7785658673866614,3500.0,4351.0,4275.0,88.0,163.0,1100.0,0.539873988503138,3500.0,4600.0,4325.0,115.0,130.0,1470.0,0.8846085799340004,2900.0,4370.0,4320.0,93.0,129.0,900.0,0.7209246439950078,3500.0,4400.0,4260.0,116.0,134.0,319.0,0.8656651816031223,3952.0,4271.0,4325.0,127.0,137.0,875.0,0.9270005328428259,3500.0,4375.0,4311.0,129.0,143.0,899.0,0.9020915937650785,3500.0,4399.0,4266.0,121.0,127.0,819.0,0.9527484035558775,3501.0,4320.0,4290.0,95.0,149.0,818.0,0.6375796135596405,3500.0,4318.0,4290.0,108.0,140.0,1050.0,0.7714230612638481,3301.0,4351.0,4281.0,121.0,121.0,571.0,0.9999917356054908,3751.0,4322.0,4440.0,123.0,134.0,1000.0,0.9179035977343453,3500.0,4500.0,4300.0,110.0,127.0,1168.0,0.866134912323525,3201.0,4369.0,4351.0,105.0,146.0,412.0,0.7191731563482442,4000.0,4412.0
Soyabean,Pune,411001,18.5204,73.8567,4375.0,125.0,136.0,590.0,0.9191108888905228,3800.0,4390.0,4301.0,115.0,139.0,321.0,0.8273321774663491,4000.0,4321.0,4000.0,126.0,140.0,700.0,0.8999935714744894,3500.0,4200.0,4225.0,107.0,140.0,231.0,0.7642802551410347,4000.0,4231.0,3800.0,108.0,162.0,850.0,0.6666625514657317,3000.0,3850.0,4251.0,113.0,134.0,481.0,0.8432772889754554,3800.0,4281.0,4250.0,113.0,156.0,0.0,0.7243543310619803,4250.0,4250.0,3500.0,109.0,151.0,1100.0,0.7218495241753365,3000.0,4100.0,4276.0,112.0,106.0,660.0,1.056593805718814,3625.0,4285.0,4150.0,110.0,139.0,0.0,0.7913612132286818,4150.0,4150.0,4200.0,119.0,133.0,150.0,0.8947301148111668,4100.0,4250.0,4100.0,107.0,144.0,0.0,0.7430503954833647,4100.0,4100.0,4220.0,107.0,143.0,446.0,0.748246515758631,3790.0,4236.0,4200.0,115.0,118.0,50.0,0.9745680121354904,4150.0,4200.0,4232.0,126.0,126.0,539.0,0.9999920635550511,3702.0,4241.0
Soyabean,Solapur,413001,17.6599,75.9064,4250.0,122.0,132.0,50.0,0.9242354224589208,4200.0,4250.0,4250.0,124.0,146.0,75.0,0.8493092513064979,4200.0,4275.0,4200.0,129.0,147.0,250.0,0.8775450507139407,4000.0,4250.0,4150.0,108.0,126.0,250.0,0.8571360544757581,4000.0,4250.0,4200.0,120.0,126.0,150.0,0.9523733938619534,4100.0,4250.0,4200.0,121.0,122.0,150.0,0.9917951492200883,4100.0,4250.0,4100.0,122.0,141.0,650.0,0.8652420904816278,3600.0,4250.0,4000.0,125.0,140.0,500.0,0.8928507653516761,3700.0,4200.0,4100.0,117.0,126.0,250.0,0.9285640590154046,4000.0,4250.0,4200.0,106.0,141.0,110.0,0.7517677179594471,4150.0,4260.0,3800.0,104.0,128.0,0.0,0.8124936523933406,3800.0,3800.0,4200.0,128.0,118.0,150.0,1.084736570029067,4100.0,4250.0,4200.0,116.0,137.0,150.0,0.8467091481084079,4100.0,4250.0,4200.0,125.0,151.0,50.0,0.8278090873570374,4200.0,4250.0,4215.0,108.0,142.0,755.0,0.7605580242392659,3605.0,4360.0
Spinach,Mumbai,400001,18.9398,72.8355,1500.0,120.0,132.0,1000.0,0.9090840220907417,1000.0,2000.0,1750.0,106.0,139.0,1500.0,0.7625844418385479,1000.0,2500.0,2050.0,106.0,143.0,900.0,0.7412535576674288,1600.0,2500.0,1100.0,118.0,134.0,200.0,0.8805904433549003,1000.0,1200.0,1500.0,96.0,138.0,1000.0,0.6956471329917899,1000.0,2000.0,1600.0,115.0,136.0,800.0,0.845582017779281,1200.0,2000.0,1500.0,114.0,134.0,1000.0,0.8507399198513443,1000.0,2000.0,1000.0,131.0,127.0,400.0,1.031487941039834,800.0,1200.0,900.0,99.0,124.0,200.0,0.7983806582204982,800.0,1000.0,900.0,113.0,114.0,200.0,0.9912193752686379,800.0,1000.0,1000.0,109.0,145.0,200.0,0.7517189536623885,900.0,1100.0,1000.0,112.0,136.0,400.0,0.8235233564459085,800.0,1200.0,1100.0,114.0,152.0,200.0,0.7499950658219353,1000.0,1200.0,1300.0,116.0,135.0,600.0,0.8592528944230042,1000.0,1600.0,1600.0,118.0,148.0,800.0,0.797291910189796,1200.0,2000.0
Spinach,Nashik,422001,20.0059,73.7769,750.0,138.0,139.0,350.0,0.9927986129596189,550.0,900.0,1050.0,122.0,141.0,500.0,0.8652420904816278,700.0,1200.0,720.0,132.0,113.0,500.0,1.168131255475615,500.0,1000.0,1000.0,90.0,129.0,300.0,0.6976690103177494,900.0,1200.0,1050.0,116.0,150.0,300.0,0.7733281778121479,900.0,1200.0,1250.0,105.0,137.0,550.0,0.7664177633739899,850.0,1400.0,1150.0,111.0,142.0,550.0,0.78168463602369,800.0,1350.0,1050.0,127.0,130.0,250.0,0.9769155621879831,950.0,1200.0,1150.0,107.0,134.0,350.0,0.7985015037201214,900.0,1250.0,1100.0,107.0,135.0,350.0,0.7925867215798401,850.0,1200.0,1100.0,108.0,142.0,350.0,0.7605580242392659,900.0,1250.0,1000.0,101.0,141.0,500.0,0.7163069765462656,700.0,1200.0,1100.0,117.0,140.0,450.0,0.8357083163691688,750.0,1200.0,1200.0,111.0,137.0,550.0,0.8102130641382179,800.0,1350.0,800.0,116.0,133.0,200.0,0.8721738934293727,700.0,900.0
Spinach,Pune,411001,18.5204,73.8567,1100.0,113.0,134.0,1000.0,0.8432772889754554,600.0,1600.0,1400.0,105.0,113.0,1200.0,0.929195316855603,800.0,2000.0,1200.0,127.0,129.0,500.0,0.9844884923372687,1000.0,1500.0,1600.0,114.0,150.0,1200.0,0.7599949333671109,1000.0,2200.0,1400.0,100.0,128.0,1200.0,0.7812438965320583,800.0,2000.0,1400.0,121.0,145.0,1200.0,0.8344770036068716,800.0,2000.0,1500.0,113.0,125.0,1000.0,0.9039927680578556,1000.0,2000.0,2000.0,101.0,144.0,2000.0,0.7013840181665405,1000.0,3000.0,2200.0,127.0,154.0,1500.0,0.8246699696755215,1500.0,3000.0,1400.0,125.0,139.0,1200.0,0.8992741059416839,800.0,2000.0,2000.0,110.0,130.0,2000.0,0.8461473373281744,1000.0,3000.0,2000.0,116.0,137.0,2000.0,0.8467091481084079,1000.0,3000.0,1500.0,123.0,125.0,1000.0,0.9839921280629754,1000.0,2000.0,1400.0,104.0,117.0,1200.0,0.8888812916128922,800.0,2000.0,1300.0,115.0,156.0,1300.0,0.7371747617002455,700.0,2000.0
Spinach,Solapur,413001,17.6599,75.9064,700.0,113.0,144.0,500.0,0.7847167728001888,500.0,1000.0,600.0,111.0,142.0,300.0,0.78168463602369,500.0,800.0,700.0,112.0,124.0,600.0,0.9032185224312707,400.0,1000.0,700.0,123.0,130.0,500.0,0.9461465681033222,500.0,1000.0,800.0,106.0,151.0,400.0,0.7019821060787677,600.0,1000.0,900.0,112.0,142.0,500.0,0.7887268399518313,700.0,1200.0,800.0,124.0,152.0,800.0,0.8157841066835086,600.0,1400.0,700.0,107.0,141.0,800.0,0.7588598662420833,400.0,1200.0,800.0,111.0,139.0,400.0,0.7985554060762152,600.0,1000.0,800.0,105.0,129.0,700.0,0.813947178704041,500.0,1200.0,600.0,136.0,140.0,800.0,0.9714216327026235,200.0,1000.0,800.0,116.0,136.0,400.0,0.8529349048904051,600.0,1000.0,600.0,107.0,117.0,600.0,0.9145220981017256,200.0,800.0,600.0,111.0,153.0,400.0,0.7254854543434356,400.0,800.0,500.0,118.0,136.0,400.0,0.8676406791126535,300.0,700.0
Tomato,Mumbai,400001,18.9398,72.8355,1800.0,101.0,132.0,400.0,0.7651457185930409,1600.0,2000.0,1800.0,112.0,137.0,400.0,0.8175122809322559,1600.0,2000.0,1500.0,114.0,128.0,1000.0,0.8906180420465465,1000.0,2000.0,1800.0,130.0,126.0,400.0,1.03173784335045,1600.0,2000.0,1900.0,99.0,140.0,600.0,0.7071378061585274,1600.0,2200.0,1700.0,101.0,141.0,600.0,0.7163069765462656,1400.0,2000.0,1900.0,103.0,137.0,600.0,0.7518193297859139,1600.0,2200.0,2100.0,91.0,155.0,600.0,0.5870929864968613,1800.0,2400.0,1900.0,135.0,140.0,600.0,0.9642788265798101,1600.0,2200.0,1900.0,109.0,127.0,600.0,0.8582609585751293,1600.0,2200.0,1900.0,113.0,132.0,600.0,0.8560541208021151,1600.0,2200.0,1800.0,109.0,137.0,400.0,0.7956146305501419,1600.0,2000.0,1800.0,110.0,136.0,400.0,0.8088175822236601,1600.0,2000.0,2000.0,109.0,135.0,800.0,0.8074014266560988,1600.0,2400.0,1700.0,124.0,136.0,1400.0,0.9117580017793987,1000.0,2400.0
Tomato,Nashik,422001,20.0059,73.7769,2425.0,114.0,129.0,2755.0,0.883714079735816,250.0,3005.0,430.0,119.0,136.0,550.0,0.8749935662237778,100.0,650.0,1400.0,122.0,125.0,2125.0,0.9759921920624635,250.0,2375.0,2305.0,127.0,137.0,2875.0,0.9270005328428259,250.0,3125.0,1250.0,108.0,112.0,2450.0,0.9642771046687083,250.0,2700.0,1350.0,118.0,144.0,2500.0,0.8194387538975424,250.0,2750.0,2500.0,117.0,134.0,2675.0,0.8731278124790113,250.0,2925.0,511.0,100.0,143.0,570.0,0.6992958091202159,200.0,770.0,1400.0,124.0,134.0,2650.0,0.9253662286102342,350.0,3000.0,2755.0,115.0,128.0,3205.0,0.8984304810118671,250.0,3455.0,550.0,103.0,132.0,600.0,0.78029711896122,200.0,800.0,1500.0,113.0,139.0,2750.0,0.8129437917712822,250.0,3000.0,2855.0,110.0,130.0,3400.0,0.8461473373281744,250.0,3650.0,651.0,106.0,136.0,750.0,0.7794060337791634,201.0,951.0,1900.0,90.0,135.0,2500.0,0.6666617284316412,250.0,2750.0
Tomato,Pune,411001,18.5204,73.8567,1500.0,111.0,120.0,1000.0,0.9249922917309022,1000.0,2000.0,1500.0,116.0,131.0,1250.0,0.8854894237448568,750.0,2000.0,1500.0,113.0,143.0,1250.0,0.790204264305844,750.0,2000.0,1000.0,106.0,117.0,1000.0,0.9059751626054477,500.0,1500.0,1500.0,104.0,119.0,1500.0,0.8739422357795312,500.0,2000.0,1500.0,135.0,143.0,1500.0,0.9440493423122915,500.0,2000.0,1500.0,119.0,145.0,1750.0,0.8206839952827911,500.0,2250.0,1250.0,117.0,134.0,500.0,0.8731278124790113,1000.0,1500.0,2000.0,98.0,132.0,1750.0,0.7424186180407724,1000.0,2750.0,2000.0,97.0,137.0,1750.0,0.7080240290216859,750.0,2500.0,1500.0,110.0,132.0,1500.0,0.8333270202498466,750.0,2250.0,1500.0,104.0,142.0,1500.0,0.7323892085267005,750.0,2250.0,1500.0,130.0,143.0,1500.0,0.9090845518562807,500.0,2000.0,2000.0,100.0,132.0,1000.0,0.7575700184089514,1500.0,2500.0,1500.0,107.0,115.0,1500.0,0.9304266919418092,500.0,2000.0
Tomato,Solapur,413001,17.6599,75.9064,1500.0,88.0,136.0,1000.0,0.6470540657789281,1000.0,2000.0,1500.0,107.0,152.0,1200.0,0.703942737218834,1000.0,2200.0,3500.0,116.0,142.0,2000.0,0.8168956556643967,2000.0,4000.0,2000.0,107.0,135.0,2500.0,0.7925867215798401,1000.0,3500.0,2500.0,109.0,118.0,1500.0,0.9237209854153778,1500.0,3000.0,2000.0,100.0,160.0,2000.0,0.6249960937744139,1000.0,3000.0,1300.0,124.0,146.0,1800.0,0.8493092513064979,400.0,2200.0,2500.0,108.0,123.0,1800.0,0.8780416419378704,1000.0,2800.0,1800.0,105.0,147.0,1300.0,0.7142808552322774,1000.0,2300.0,1500.0,100.0,139.0,1400.0,0.719419284753347,500.0,1900.0,2000.0,114.0,128.0,1500.0,0.8906180420465465,1000.0,2500.0,1800.0,109.0,140.0,1500.0,0.7785658673866614,1000.0,2500.0,1800.0,108.0,124.0,1300.0,0.8709607180587253,1000.0,2300.0,1000.0,121.0,137.0,1800.0,0.8832052320785979,200.0,2000.0,1500.0,109.0,140.0,1000.0,0.7785658673866614,1000.0,2000.0
Wheat,Mumbai,400001,18.9398,72.8355,4200.0,109.0,130.0,2800.0,0.8384550888070091,2800.0,5600.0,4200.0,120.0,143.0,2800.0,0.8391549709442591,2800.0,5600.0,4200.0,109.0,132.0,2800.0,0.825751320065757,2800.0,5600.0,4200.0,126.0,154.0,2800.0,0.8181765053473679,2800.0,5600.0,4200.0,118.0,119.0,2800.0,0.991588305980622,2800.0,5600.0,4200.0,101.0,120.0,2800.0,0.8416596528362263,2800.0,5600.0,4200.0,125.0,146.0,2800.0,0.8561585194621955,2800.0,5600.0,4200.0,122.0,133.0,2800.0,0.917286336192961,2800.0,5600.0,4200.0,112.0,156.0,2800.0,0.7179441157428478,2800.0,5600.0,4200.0,106.0,134.0,2800.0,0.7910388728442325,2800.0,5600.0,4200.0,112.0,137.0,2800.0,0.8175122809322559,2800.0,5600.0,4200.0,93.0,142.0,2800.0,0.6549249653171456,2800.0,5600.0,4200.0,124.0,155.0,2800.0,0.7999948387429758,2800.0,5600.0,4200.0,109.0,142.0,2800.0,0.7676002281674073,2800.0,5600.0,4200.0,91.0,153.0,2800.0,0.5947673544617356,2800.0,5600.0
Wheat,Nashik,422001,20.0059,73.7769,2550.0,107.0,149.0,138.0,0.718115985798753,2522.0,2660.0,2550.0,124.0,130.0,585.0,0.9538388166244874,2425.0,3010.0,2550.0,98.0,142.0,521.0,0.6901359849578523,2499.0,3020.0,2550.0,124.0,114.0,215.0,1.087709756931957,2425.0,2640.0,2650.0,110.0,141.0,357.0,0.7801363110899923,2504.0,2861.0,2550.0,115.0,118.0,475.0,0.9745680121354904,2425.0,2900.0,2550.0,104.0,147.0,286.0,0.7074781804205413,2515.0,2801.0,2550.0,124.0,114.0,425.0,1.087709756931957,2425.0,2850.0,2550.0,118.0,118.0,330.0,0.9999915254955466,2510.0,2840.0,2550.0,116.0,129.0,314.0,0.8992178355206548,2446.0,2760.0,2550.0,113.0,144.0,304.0,0.7847167728001888,2451.0,2755.0,2550.0,111.0,135.0,296.0,0.8222161317323575,2538.0,2834.0,2550.0,100.0,131.0,288.0,0.7633529515041869,2425.0,2713.0,2550.0,114.0,146.0,172.0,0.7808165697495223,2500.0,2672.0,2550.0,110.0,140.0,360.0,0.7857086735094749,2425.0,2785.0
Wheat,Pune,411001,18.5204,73.8567,4400.0,102.0,117.0,800.0,0.8717874206203365,4000.0,4800.0,4500.0,116.0,139.0,1000.0,0.8345263703138827,4000.0,5000.0,4400.0,117.0,163.0,800.0,0.7177870074416721,4000.0,4800.0,4450.0,112.0,162.0,900.0,0.6913537570755736,4000.0,4900.0,4400.0,120.0,116.0,800.0,1.034473840742752,4000.0,4800.0,4350.0,118.0,128.0,700.0,0.9218677979078288,4000.0,4700.0,4500.0,117.0,140.0,1000.0,0.8357083163691688,4000.0,5000.0,4450.0,109.0,150.0,900.0,0.7266618222545183,4000.0,4900.0,4800.0,108.0,147.0,2000.0,0.7346888796674852,3800.0,5800.0,4700.0,109.0,134.0,2200.0,0.8134267654718994,3600.0,5800.0,4650.0,120.0,139.0,2300.0,0.8633031417040165,3500.0,5800.0,4700.0,103.0,111.0,2200.0,0.9279195682921775,3600.0,5800.0,4700.0,127.0,143.0,2200.0,0.8881056775826742,3600.0,5800.0,4650.0,114.0,122.0,2300.0,0.9344185703395873,3500.0,5800.0,4800.0,125.0,151.0,2000.0,0.8278090873570374,3800.0,5800.0
Wheat,Solapur,413001,17.6599,75.9064,3345.0,109.0,136.0,1570.0,0.8014646951125359,2575.0,4145.0,3350.0,127.0,129.0,1570.0,0.9844884923372687,2580.0,4150.0,3360.0,107.0,120.0,1570.0,0.8916592361730319,2585.0,4155.0,3365.0,104.0,120.0,1570.0,0.8666594445046291,2590.0,4160.0,3370.0,111.0,154.0,1570.0,0.7207745404250622,2595.0,4165.0,3365.0,92.0,126.0,1565.0,0.7301529352941643,2585.0,4150.0,3370.0,103.0,144.0,1560.0,0.7152728106054819,2580.0,4140.0,3360.0,110.0,137.0,1555.0,0.8029138473441799,2575.0,4130.0,3365.0,119.0,145.0,1540.0,0.8206839952827911,2580.0,4120.0,3370.0,116.0,158.0,1520.0,0.7341725685280472,2585.0,4105.0,3335.0,117.0,132.0,1420.0,0.8863569215384731,2570.0,3990.0,3325.0,112.0,115.0,1420.0,0.9739045747428283,2560.0,3980.0,3325.0,121.0,129.0,1420.0,0.937977224982752,2560.0,3980.0,3310.0,113.0,137.0,1410.0,0.8248114977262939,2555.0,3965.0,3325.0,88.0,115.0,1390.0,0.7652107372979365,2565.0,3955.0
